<?xml version="1.0" encoding="UTF-8"?>
<beans xmlns="http://www.springframework.org/schema/beans"
    xmlns:xsi="http://www.w3.org/2001/XMLSchema-instance" xmlns:context="http://www.springframework.org/schema/context"
    xsi:schemaLocation="
        http://www.springframework.org/schema/beans http://www.springframework.org/schema/beans/spring-beans.xsd
        http://www.springframework.org/schema/context http://www.springframework.org/schema/context/spring-context.xsd">
 
    <!-- To activate the '@Resource' annotation in the spring framework -->
    <context:annotation-config />
 
    <bean id="mycompany" class="Resources.Company">
        <property name="name" value="Yash Technologies Pvt. Ltd." />
        <property name="location" value="Indore" />
    </bean>
 
    <bean id="myemployee" class="Resources.Employee">
        <property name="id" value="1014826" />
        <property name="name" value="Rupali gajakosh" />
    </bean>
</beans>