<?xml version = "1.0" encoding = "utf-8"?>
<!DOCTYPE hibernate-mapping PUBLIC
"-//Hibernate/Hibernate Mapping DTD//EN"
"http://www.hibernate.org/dtd/hibernate-mapping-3.0.dtd">

<hibernate-mapping> <!-- Root element -->
<!-- Specific mapping from java class to corresponding table -->
<class name = "com.yash.onetomany.EmployeeData" table = "EmployeeData">
	<!-- Optional, we can keep description of the information -->
	<meta attribute = "class-description">
		This class contains the geekEmployeeData detail.
	</meta>
	<!--To represent Primary key of the table -->
	<id name = "id" type = "int" column = "id">
		<generator class="native"/>
	</id>
	
	<!-- This is very important
	The <set> element sets the relationship between two tables. Here it is between GeekEmployeeData and SkillsetData classes
	We need to set "cascade attribute to save-update" to tell Hibernate to persist the SkillsetData objects for SAVE
	i.e. CREATE and UPDATE operations at the same time as the GeekEmployeeData objects.
	The name attribute is set to the defined Set variable in the parent class, in our case it is SkillsetData.
	For each set variable, we need to define a separate set element in the mapping file.
	Here we used name attribute to set the intermediate table name to geekEmployeeSkill.
		-->
	<set name = "skillSets" cascade="save-update" table="EmployeeSkill">
		<key column = "geekEmpId"/>
		<many-to-many column = "skillId" class="com.yash.onetomany.SkillsetData"/>
	</set>	
	
	<property name = "firstName" column = "first_name" type = "string"/>
	<property name = "lastName" column = "last_name" type = "string"/>
	<property name = "salary" column = "salary" type = "int"/>
	
</class>
	
<class name = "com.yash.onetomany.SkillsetData" table = "SkillsetData">
	
	<meta attribute = "class-description">
		This class contains the skillset records.
	</meta>
	
	<id name = "id" type = "int" column = "id">
		<generator class="native"/>
	</id>
	
	<property name = "skillName" column = "skillName" type = "string"/>
	
</class>
</hibernate-mapping>
